{
    "vagos": {
      "Stash": {
        "coords": {
          "z": 22.39494895935058,
          "y": -2012.9971923828127,
          "x": 337.393798828125,
          "h": 319.5579528808594
        },
        "label": "vagos Stash"
      },
      "VehicleSpawner": {
        "vehicles": {
          "manchez": "Manchez",
          "rumpo3": "RumpoXL",
          "chino2": "Lowrider",
          "buffalo2": "Buffalo Sport"
        },
        "colours": {
          "secondary": {
            "b": 11,
            "r": 108,
            "g": 18
          },
          "primary": {
            "b": 184,
            "r": 108,
            "g": 11
          }
        },
        "coords": {
          "z": 21.05029678344726,
          "y": -2027.5455322265625,
          "x": 327.4929809570313,
          "h": 136.97149658203125
        },
        "label": "Car Spawn"
      }
    },
    "marabunta": {
      "Stash": {
        "coords": {
          "z": 66.61924743652344,
          "y": -1490.4158935546875,
          "h": 247.366943359375,
          "x": 1438.90771484375
        },
        "label": "marabunta Stash"
      },
      "VehicleSpawner": {
        "vehicles": {
          "primo2": "Primo Custom",
          "kuruma": "Kuruma",
          "burrito3": "Burrito",
          "buffalo": "Buffalo"
        },
        "colours": {
          "secondary": {
            "b": 170,
            "r": 24,
            "g": 56
          },
          "primary": {
            "b": 170,
            "r": 24,
            "g": 56
          }
        },
        "coords": {
          "z": 60.96406173706055,
          "y": -1505.5174560546875,
          "h": 161.4316864013672,
          "x": 1422.27294921875
        },
        "label": "Car Spawn"
      }
    },
    "ballas": {
      "Stash": {
        "coords": {
          "z": 21.3276,
          "y": -1970.89,
          "x": 113.3059
        },
        "label": "Ballas Stash"
      },
      "VehicleSpawner": {
        "vehicles": {
          "manchez": "Manchez",
          "rumpo3": "RumpoXL",
          "chino2": "Lowrider",
          "buffalo2": "Buffalo Sport"
        },
        "colours": {
          "secondary": {
            "r": 108,
            "b": 11,
            "g": 18
          },
          "primary": {
            "r": 108,
            "b": 184,
            "g": 11
          }
        },
        "coords": {
          "z": 20.75,
          "y": -1967.09,
          "h": 324.12,
          "x": 89.04
        },
        "label": "Car Spawn"
      }
    },
    "lost": {
      "Stash": {
        "coords": {
          "z": 74.84542083740234,
          "y": -92.63550567626952,
          "x": 987.299560546875,
          "h": 217.8155212402344
        },
        "label": "lost Stash"
      },
      "VehicleSpawner": {
        "vehicles": {
          "nightblade": "Nightblade",
          "burrito3": "Burrito",
          "hexer": "Hexer"
        },
        "colours": {
          "secondary": {
            "r": 0,
            "b": 0,
            "g": 0
          },
          "primary": {
            "r": 0,
            "b": 0,
            "g": 0
          }
        },
        "coords": {
          "z": 74.00828552246094,
          "y": -132.17294311523438,
          "x": 975.81640625,
          "h": 57.54240798950195
        },
        "label": "Car Spawn"
      }
    },
    "families": {
      "Stash": {
        "coords": {
          "z": 35.03,
          "y": -1609.84,
          "h": 66.89,
          "x": -136.91
        },
        "label": "Families Stash"
      },
      "VehicleSpawner": {
        "vehicles": {
          "manchez": "Manchez",
          "rumpo3": "RumpoXL",
          "chino2": "Lowrider",
          "buffalo2": "Buffalo Sport"
        },
        "colours": {
          "secondary": {
            "r": 0,
            "b": 0,
            "g": 0
          },
          "primary": {
            "r": 0,
            "b": 0,
            "g": 50
          }
        },
        "coords": {
          "z": 31.65,
          "y": -1597.97,
          "h": 322.23,
          "x": -108.24
        },
        "label": "Car Spawn"
      }
    },
    "grove": {
      "Stash": {
        "coords": {
          "z": 21.12,
          "y": -1962.69,
          "x": 78.19,
          "h": 264.99
        },
        "label": "Tarolo"
      },
      "VehicleSpawner": {
        "label": "Garazs",
        "colours": {
          "secondary": {
            "b": 0,
            "r": 0,
            "g": 153
          },
          "primary": {
            "b": 0,
            "r": 0,
            "g": 153
          }
        },
        "coords": {
          "z": 20.75,
          "y": -1969.59,
          "x": 87.54,
          "h": 327.05
        },
        "vehicles": {
            "peyote3": "Vapid Peyote Custom",
            "chino2": "Chino Luxory",
            "demon": "Dodge Demon",
            "esv": "Cadilac Escalade"
          }
      }
    },
    "seaside": {
      "Stash": {
        "coords": {
          "z": 10.41314506530761,
          "y": -724.1849365234375,
          "x": -1753.0576171875,
          "h": 321.7467041015625
        },
        "label": "seaside Stash"
      },
      "VehicleSpawner": {
        "vehicles": {
          "manchez": "Manchez",
          "rumpo3": "RumpoXL",
          "chino2": "Lowrider",
          "buffalo2": "Buffalo Sport"
        },
        "colours": {
          "primary": {
            "b": 210,
            "r": 0,
            "g": 198
          },
          "secondary": {
            "b": 150,
            "r": 23,
            "g": 47
          }
        },
        "coords": {
          "z": 10.41745662689209,
          "y": -732.3456420898438,
          "x": -1736.88818359375,
          "h": 313.2210083007813
        },
        "label": "Car Spawn"
      }
    },
    "volk": {
      "Stash": {
        "coords": {
          "z": 53.89792251586914,
          "y": 92.18243408203124,
          "x": -1541.5511474609375,
          "h": 146.96490478515625
        },
        "label": "Tarolo"
      },
      "VehicleSpawner": {
        "vehicles": {
          "dubsta2": "Dubsta",
          "f150": "Ford Raptor f150",
          "m5e60": "BMW M5 e60",
          "BType3": "Maffia OG"
        },
        "colours": {
          "secondary": {
            "r": 13,
            "b": 22,
            "g": 17
          },
          "primary": {
            "r": 255,
            "b": 255,
            "g": 255
          }
        },
        "coords": {
          "z": 56.64785766601562,
          "y": 83.15929412841797,
          "x": -1528.8175048828125,
          "h": 37.39341735839844
        },
        "label": "Garazs"
      }
    }
  }